{
  "ogrenciler": "[{\"model\": \"mainproject.ogrenci\", \"pk\": 3, \"fields\": {\"ad_soyad\": \"Hicret Kurt\", \"kayit_tarihi\": \"2025-09-09\", \"seviye\": \"HAZ1\", \"profil_foto\": \"\", \"ozel_notlar\": \"\", \"son_guncelleme\": \"2025-09-18T20:44:02.812Z\"}}, {\"model\": \"mainproject.ogrenci\", \"pk\": 4, \"fields\": {\"ad_soyad\": \"Ebrar Kızıl \", \"kayit_tarihi\": \"2025-09-09\", \"seviye\": \"HAZ1\", \"profil_foto\": \"\", \"ozel_notlar\": \"\", \"son_guncelleme\": \"2025-09-18T20:44:02.827Z\"}}, {\"model\": \"mainproject.ogrenci\", \"pk\": 5, \"fields\": {\"ad_soyad\": \"Yağmur Demirel\", \"kayit_tarihi\": \"2025-09-09\", \"seviye\": \"HAZ1\", \"profil_foto\": \"\", \"ozel_notlar\": \"\", \"son_guncelleme\": \"2025-09-18T20:44:02.835Z\"}}, {\"model\": \"mainproject.ogrenci\", \"pk\": 6, \"fields\": {\"ad_soyad\": \"Zehra Tavşan\", \"kayit_tarihi\": \"2025-09-09\", \"seviye\": \"HAZ1\", \"profil_foto\": \"\", \"ozel_notlar\": \"\", \"son_guncelleme\": \"2025-09-18T20:44:02.843Z\"}}, {\"model\": \"mainproject.ogrenci\", \"pk\": 7, \"fields\": {\"ad_soyad\": \"Sümeyye Tavşan\", \"kayit_tarihi\": \"2025-09-09\", \"seviye\": \"HAZ1\", \"profil_foto\": \"\", \"ozel_notlar\": \"\", \"son_guncelleme\": \"2025-09-18T20:44:02.852Z\"}}, {\"model\": \"mainproject.ogrenci\", \"pk\": 8, \"fields\": {\"ad_soyad\": \"Elanur Kaya\", \"kayit_tarihi\": \"2025-09-09\", \"seviye\": \"HAZ1\", \"profil_foto\": \"\", \"ozel_notlar\": \"\", \"son_guncelleme\": \"2025-09-18T20:44:02.861Z\"}}, {\"model\": \"mainproject.ogrenci\", \"pk\": 9, \"fields\": {\"ad_soyad\": \"Berfin İlci\", \"kayit_tarihi\": \"2025-09-09\", \"seviye\": \"HAZ1\", \"profil_foto\": \"\", \"ozel_notlar\": \"Bu not berfin ilci isimli Öğrenci notu\\r\\nBu öğrenci iyi ezberliyor\\r\\nnotları iyi sınıf içi davranışları da iyidir\\r\\nahlaklı bir öğrenci\\r\\nailesiyle sorunları var\", \"son_guncelleme\": \"2025-09-22T16:39:04.275Z\"}}, {\"model\": \"mainproject.ogrenci\", \"pk\": 10, \"fields\": {\"ad_soyad\": \"Sümeyye Erkan\", \"kayit_tarihi\": \"2025-09-09\", \"seviye\": \"HAZ1\", \"profil_foto\": \"\", \"ozel_notlar\": \"\", \"son_guncelleme\": \"2025-09-18T20:44:02.880Z\"}}, {\"model\": \"mainproject.ogrenci\", \"pk\": 11, \"fields\": {\"ad_soyad\": \"Nesrin Güçin\", \"kayit_tarihi\": \"2025-09-09\", \"seviye\": \"HAZ1\", \"profil_foto\": \"\", \"ozel_notlar\": \"\", \"son_guncelleme\": \"2025-09-18T20:44:02.889Z\"}}, {\"model\": \"mainproject.ogrenci\", \"pk\": 12, \"fields\": {\"ad_soyad\": \"Hayrunnisa Çarboğa\", \"kayit_tarihi\": \"2025-09-09\", \"seviye\": \"HAZ1\", \"profil_foto\": \"\", \"ozel_notlar\": \"\", \"son_guncelleme\": \"2025-09-18T20:44:02.898Z\"}}, {\"model\": \"mainproject.ogrenci\", \"pk\": 13, \"fields\": {\"ad_soyad\": \"Kader Keşan\", \"kayit_tarihi\": \"2025-09-09\", \"seviye\": \"HAZ1\", \"profil_foto\": \"\", \"ozel_notlar\": \"\", \"son_guncelleme\": \"2025-09-18T20:44:02.906Z\"}}, {\"model\": \"mainproject.ogrenci\", \"pk\": 14, \"fields\": {\"ad_soyad\": \"Kardelen Toprak\", \"kayit_tarihi\": \"2025-09-09\", \"seviye\": \"HAZ1\", \"profil_foto\": \"\", \"ozel_notlar\": \"\", \"son_guncelleme\": \"2025-09-18T20:44:02.914Z\"}}, {\"model\": \"mainproject.ogrenci\", \"pk\": 15, \"fields\": {\"ad_soyad\": \"Ebru Şay\", \"kayit_tarihi\": \"2025-09-09\", \"seviye\": \"HAZ1\", \"profil_foto\": \"\", \"ozel_notlar\": \"\", \"son_guncelleme\": \"2025-09-20T21:19:19.784Z\"}}, {\"model\": \"mainproject.ogrenci\", \"pk\": 16, \"fields\": {\"ad_soyad\": \"Esma Çiftçi\", \"kayit_tarihi\": \"2025-09-09\", \"seviye\": \"HAZ1\", \"profil_foto\": \"\", \"ozel_notlar\": \"\", \"son_guncelleme\": \"2025-09-20T18:19:14.983Z\"}}, {\"model\": \"mainproject.ogrenci\", \"pk\": 17, \"fields\": {\"ad_soyad\": \"Havva Tilki\", \"kayit_tarihi\": \"2025-09-09\", \"seviye\": \"HAZ1\", \"profil_foto\": \"\", \"ozel_notlar\": \"\", \"son_guncelleme\": \"2025-09-18T20:44:02.940Z\"}}, {\"model\": \"mainproject.ogrenci\", \"pk\": 18, \"fields\": {\"ad_soyad\": \"Şeyma Yay\", \"kayit_tarihi\": \"2025-09-09\", \"seviye\": \"HAZ1\", \"profil_foto\": \"\", \"ozel_notlar\": \"\", \"son_guncelleme\": \"2025-09-18T20:44:02.951Z\"}}, {\"model\": \"mainproject.ogrenci\", \"pk\": 19, \"fields\": {\"ad_soyad\": \"Şeymadcım\", \"kayit_tarihi\": \"2025-09-18\", \"seviye\": \"HAZ1\", \"profil_foto\": \"\", \"ozel_notlar\": \"\", \"son_guncelleme\": \"2025-09-21T20:22:56.806Z\"}}, {\"model\": \"mainproject.ogrenci\", \"pk\": 20, \"fields\": {\"ad_soyad\": \"Merhaba\", \"kayit_tarihi\": \"2025-09-18\", \"seviye\": \"HAZ1\", \"profil_foto\": \"\", \"ozel_notlar\": \"\", \"son_guncelleme\": \"2025-09-18T21:05:10.754Z\"}}, {\"model\": \"mainproject.ogrenci\", \"pk\": 21, \"fields\": {\"ad_soyad\": \"Şeymacım Ayday\", \"kayit_tarihi\": \"2025-09-18\", \"seviye\": \"HAZ1\", \"profil_foto\": \"\", \"ozel_notlar\": \"\", \"son_guncelleme\": \"2025-09-18T22:08:20.191Z\"}}, {\"model\": \"mainproject.ogrenci\", \"pk\": 22, \"fields\": {\"ad_soyad\": \"Berfin İlciv23\", \"kayit_tarihi\": \"2025-09-20\", \"seviye\": \"HAZ1\", \"profil_foto\": \"\", \"ozel_notlar\": \"\", \"son_guncelleme\": \"2025-09-20T18:18:44.800Z\"}}]",
  "yazilar": "[{\"model\": \"blog.yazi\", \"pk\": 1, \"fields\": {\"title\": \"Dünyadan el çekmiş bulunuyorum \", \"description\": \"<h2 style=\\\"font-style:italic\\\">El &ccedil;ekmiş bulunuyorum ben bu d&uuml;nyadan,</h2>\\r\\n\\r\\n<h2 style=\\\"font-style:italic\\\">Eskiden &ccedil;ok&ccedil;a oyalanıp durduğum anlardan,</h2>\\r\\n\\r\\n<h2 style=\\\"font-style:italic\\\">Uzun zamandır bir haber alınamadı zatımdan,</h2>\\r\\n\\r\\n<h2 style=\\\"font-style:italic\\\">&Ouml;ld&uuml;ğ&uuml;m&uuml; sanıyor bile olabilir &ccedil;oktan!</h2>\\r\\n\\r\\n<h2 style=\\\"font-style:italic\\\">A&ccedil;ık&ccedil;ası pek de bir &ouml;nemi yok benim i&ccedil;in,</h2>\\r\\n\\r\\n<h2 style=\\\"font-style:italic\\\">Bir sakınca g&ouml;rm&uuml;yorum beni &ouml;lm&uuml;ş bilmesinde,</h2>\\r\\n\\r\\n<h2 style=\\\"font-style:italic\\\">S&ouml;yleyecek bir şeyim de yok bunun i&ccedil;in,</h2>\\r\\n\\r\\n<h2 style=\\\"font-style:italic\\\">&Ccedil;&uuml;nk&uuml; ger&ccedil;ekten &ouml;ld&uuml;m ben bu k&uuml;rede.</h2>\\r\\n\\r\\n<h2 style=\\\"font-style:italic\\\">&Ouml;ld&uuml;m ben d&uuml;nyanın patırtısına,</h2>\\r\\n\\r\\n<h2 style=\\\"font-style:italic\\\">Ve dinleniyorum sessiz bir b&ouml;lgede!</h2>\\r\\n\\r\\n<h2 style=\\\"font-style:italic\\\">Kendi cennetimdeyim tek başına,</h2>\\r\\n\\r\\n<h2 style=\\\"font-style:italic\\\">Sevdalarımın ve kendi şarkımın i&ccedil;inde!</h2>\\r\\n\", \"imageUrl\": \"\", \"date\": \"2025-09-18\", \"isActive\": true, \"slug\": \"dunyadan-el-cekmis-bulunuyorum\", \"tarih\": \"2025-09-18T20:44:05.468Z\", \"category\": 1}}, {\"model\": \"blog.yazi\", \"pk\": 2, \"fields\": {\"title\": \"Üstad Necip Fazıl'ın kıymetli eserlerinden \\\"Çile\\\"🍃\", \"description\": \"<p>&quot;𝐇𝐚𝐤𝐢𝐤𝐚𝐭&quot;</p>\\r\\n\\r\\n<p>Allah&#39;a hakikatten yola &ccedil;ıkmak, meşakkat; Allah&#39;tan yola &ccedil;ıkıp varılan şey, hakikat...</p>\\r\\n\\r\\n<p>&quot;𝐕𝐚𝐫-𝐲𝐨𝐤&quot;</p>\\r\\n\\r\\n<p>Var&#39;ın altında yokluk, yok&#39;un altında varlık; başını kaldır da bak, boşluk bile mezarlık...</p>\\r\\n\\r\\n<p>&quot;𝐢𝐧𝐬𝐚𝐧&quot;</p>\\r\\n\\r\\n<p>Bir b&ouml;l&uuml;nmez ki, insan, onu zaman b&ouml;l&uuml;yor, insan her &acirc;n dirilip, her saniye &ouml;l&uuml;yor...</p>\\r\\n\", \"imageUrl\": \"\", \"date\": \"2025-09-18\", \"isActive\": true, \"slug\": \"ustad-necip-fazln-kymetli-eserlerinden-cile\", \"tarih\": \"2025-09-18T20:44:05.480Z\", \"category\": 1}}, {\"model\": \"blog.yazi\", \"pk\": 3, \"fields\": {\"title\": \"Gökyüzü ☁️\", \"description\": \"<blockquote>\\r\\n<p>&quot;Maviliklerde kaybolmak, ruhun en g&uuml;zel yolculuğudur.&quot;</p>\\r\\n</blockquote>\\r\\n\", \"imageUrl\": \"uploads/1000422167_4Es30sK_SBK7j4w.jpg\", \"date\": \"2025-09-18\", \"isActive\": true, \"slug\": \"gokyuzu\", \"tarih\": \"2025-09-18T20:44:05.501Z\", \"category\": 1}}, {\"model\": \"blog.yazi\", \"pk\": 4, \"fields\": {\"title\": \"\\\"Dünya bir denizdir.\\\"\", \"description\": \"<h2 style=\\\"font-style:italic\\\"><em><cite>&quot;D&uuml;nya bir denizdir, gemisi takvadır, yolcusu insandır.&quot;🌊 -Hz Ali (r.a)</cite></em></h2>\\r\\n\\r\\n<p>&nbsp;</p>\\r\\n\\r\\n<p><em>● D&uuml;nya ger&ccedil;ekten u&ccedil;suz bucaksız bir deniz gibi. Bazen fırtınalı, bazen durgun. Ama insan, baktığı her yerde Rabbinin izini, &ouml;z&uuml;n&uuml; g&ouml;rd&uuml;ğ&uuml;nde, o fırtınalar yerini sadece tatlı bir esintiye bırakıyor. İ&ccedil; huzuru artıyor; en basit bir manzarada bile sonsuz bir saadetin kapısı aralanıyor.</em></p>\\r\\n\", \"imageUrl\": \"uploads/1000408555_96Ir2Ho.jpg\", \"date\": \"2025-09-18\", \"isActive\": true, \"slug\": \"dunya-bir-denizdir\", \"tarih\": \"2025-09-18T20:44:05.520Z\", \"category\": 1}}]",
  "ezber_kayitlari": "[{\"model\": \"mainproject.ezberkaydi\", \"pk\": 1, \"fields\": {\"ogrenci\": 20, \"sure\": 2, \"durum\": \"DEVAM\", \"baslama_tarihi\": \"2025-09-18\", \"bitis_tarihi\": null, \"tahmini_bitis\": null, \"gunluk_calisma\": 1, \"zorluk\": 2, \"yorum\": \"\", \"ilerleme\": 42}}, {\"model\": \"mainproject.ezberkaydi\", \"pk\": 2, \"fields\": {\"ogrenci\": 19, \"sure\": 2, \"durum\": \"DEVAM\", \"baslama_tarihi\": \"2025-09-18\", \"bitis_tarihi\": null, \"tahmini_bitis\": null, \"gunluk_calisma\": 1, \"zorluk\": 2, \"yorum\": \"\", \"ilerleme\": 46}}, {\"model\": \"mainproject.ezberkaydi\", \"pk\": 3, \"fields\": {\"ogrenci\": 19, \"sure\": 3, \"durum\": \"DEVAM\", \"baslama_tarihi\": \"2025-09-18\", \"bitis_tarihi\": null, \"tahmini_bitis\": null, \"gunluk_calisma\": 1, \"zorluk\": 2, \"yorum\": \"\", \"ilerleme\": 72}}, {\"model\": \"mainproject.ezberkaydi\", \"pk\": 4, \"fields\": {\"ogrenci\": 21, \"sure\": 1, \"durum\": \"DEVAM\", \"baslama_tarihi\": \"2025-09-18\", \"bitis_tarihi\": null, \"tahmini_bitis\": null, \"gunluk_calisma\": 1, \"zorluk\": 2, \"yorum\": \"\", \"ilerleme\": 34}}, {\"model\": \"mainproject.ezberkaydi\", \"pk\": 5, \"fields\": {\"ogrenci\": 21, \"sure\": 10, \"durum\": \"DEVAM\", \"baslama_tarihi\": \"2025-09-18\", \"bitis_tarihi\": null, \"tahmini_bitis\": null, \"gunluk_calisma\": 1, \"zorluk\": 2, \"yorum\": \"\", \"ilerleme\": 89}}, {\"model\": \"mainproject.ezberkaydi\", \"pk\": 6, \"fields\": {\"ogrenci\": 9, \"sure\": 1, \"durum\": \"DEVAM\", \"baslama_tarihi\": \"2025-09-20\", \"bitis_tarihi\": null, \"tahmini_bitis\": null, \"gunluk_calisma\": 1, \"zorluk\": 2, \"yorum\": \"\", \"ilerleme\": 37}}, {\"model\": \"mainproject.ezberkaydi\", \"pk\": 7, \"fields\": {\"ogrenci\": 22, \"sure\": 1, \"durum\": \"DEVAM\", \"baslama_tarihi\": \"2025-09-20\", \"bitis_tarihi\": null, \"tahmini_bitis\": null, \"gunluk_calisma\": 1, \"zorluk\": 2, \"yorum\": \"\", \"ilerleme\": 23}}, {\"model\": \"mainproject.ezberkaydi\", \"pk\": 8, \"fields\": {\"ogrenci\": 15, \"sure\": 2, \"durum\": \"TAMAMLANDI\", \"baslama_tarihi\": \"2025-09-20\", \"bitis_tarihi\": \"2025-09-20\", \"tahmini_bitis\": null, \"gunluk_calisma\": 1, \"zorluk\": 2, \"yorum\": \"\", \"ilerleme\": 100}}]",
  "sinav_sonuclari": "[]",
  "ders_notlari": "[]",
  "alintilar": "[{\"model\": \"mainproject.alinti\", \"pk\": 1, \"fields\": {\"quote_text\": \"\\\"İçimde söylemek istediğim çok şey var sanki. Çok büyük şeyler. Bunları ifade etmenin yolunu bulamıyorum, bazen bana öyle geliyor ki bütün dünya, bütün hayat, her şey içimde duruyor ve sözcüsü olmam için feryat ediyor. Hissediyorum... ama anlatamıyorum\\\"...\\r\\n\\r\\n\", \"author\": \"Jack London \", \"source\": \"Martın eden\", \"category\": \"edebi\", \"isActive\": true, \"created_at\": \"2025-09-15T20:42:30.546Z\"}}, {\"model\": \"mainproject.alinti\", \"pk\": 2, \"fields\": {\"quote_text\": \"\\\"Haritasız ve dümensiz kalmış, gideceği limanı olmayan bir gemiydi. Kendini akıntıya bırakıp sürüklenmek, en azından hareket etmek, hayatta kalmak demekti ki içini acıtan şey de zaten buydu; yaşamak\\\"...\", \"author\": \"Jack London \", \"source\": \"Martın eden\", \"category\": \"edebi\", \"isActive\": true, \"created_at\": \"2025-09-15T20:44:26.254Z\"}}, {\"model\": \"mainproject.alinti\", \"pk\": 3, \"fields\": {\"quote_text\": \"📌\\\"Ben hasta bir adamım. Hayır, bedenim değil, ruhum hasta, beynim hasta. Bütün değerlerimi kaybettim sanki. Hiçbir şeyi umursamıyorum.\\\"\\r\\n\\r\\n📌\\\"Kitaplarla, resimlerle, güzel şeylerle dolu olan, insanların alçak sesle konuştukları, kendilerinin ve düşüncelerinin temiz olduğu bir havayı solumak istiyorum.\\\"\\r\\n\\r\\n📌\\\"En hızlı giden, yalnız gidenidir\\\"...\\r\\n\\r\\n📌\\\"Ait olduğu yeri bulamamıştı\\\"...\\r\\n\\r\\n📌 \\\"Kendi küçük hayatlarını dar kafalı küçük formüllere göre yaşayanları, bir araya toplaşmış sürüler dışında var olmayan varlıkları,yaşamlarını başkalarının  düşüncelerine göre kalıplara sokanları, kölesi oldukları çocuksu kurallar nedeniyle gerçekten yaşamayı ve birey olmayı beceremeyenleri düşününce bir iki kez acı kahkahalara boğuldu\\\"...\", \"author\": \"Jack London \", \"source\": \"Martın eden\", \"category\": \"edebi\", \"isActive\": true, \"created_at\": \"2025-09-15T21:16:25.483Z\"}}, {\"model\": \"mainproject.alinti\", \"pk\": 4, \"fields\": {\"quote_text\": \"\\\"Seni kitap okuyan insanlarla tanıştıracağım. Hayat ancak böyle insanlarla bir araya geliyorsan yaşanmaya değer olur.\\\"\", \"author\": \"Jack London \", \"source\": \"Martın eden\", \"category\": \"edebi\", \"isActive\": true, \"created_at\": \"2025-09-15T21:28:42.482Z\"}}]",
  "dersler": "[{\"model\": \"mainproject.ders\", \"pk\": 1, \"fields\": {\"ad\": \"Akaid (İtikad)\", \"tur\": \"AKAID\", \"aciklama\": \"\"}}, {\"model\": \"mainproject.ders\", \"pk\": 2, \"fields\": {\"ad\": \"Fıkıh (İbadet)\", \"tur\": \"FIKIH\", \"aciklama\": \"\"}}, {\"model\": \"mainproject.ders\", \"pk\": 3, \"fields\": {\"ad\": \"Siyer\", \"tur\": \"SIYER\", \"aciklama\": \"\"}}, {\"model\": \"mainproject.ders\", \"pk\": 4, \"fields\": {\"ad\": \"Tecvid\", \"tur\": \"TECV\", \"aciklama\": \"\"}}]",
  "ezber_sureleri": "[{\"model\": \"mainproject.ezbersuresi\", \"pk\": 1, \"fields\": {\"ad\": \"Mülk Suresi\", \"sira\": 1, \"tahmini_sure\": 7, \"aciklama\": \"\"}}, {\"model\": \"mainproject.ezbersuresi\", \"pk\": 2, \"fields\": {\"ad\": \"Cin Suresi\", \"sira\": 2, \"tahmini_sure\": 7, \"aciklama\": \"\"}}, {\"model\": \"mainproject.ezbersuresi\", \"pk\": 3, \"fields\": {\"ad\": \"Kıyame Suresi\", \"sira\": 3, \"tahmini_sure\": 7, \"aciklama\": \"\"}}, {\"model\": \"mainproject.ezbersuresi\", \"pk\": 4, \"fields\": {\"ad\": \"Cuma Suresi\", \"sira\": 4, \"tahmini_sure\": 7, \"aciklama\": \"\"}}, {\"model\": \"mainproject.ezbersuresi\", \"pk\": 5, \"fields\": {\"ad\": \"Saff Suresi\", \"sira\": 5, \"tahmini_sure\": 7, \"aciklama\": \"\"}}, {\"model\": \"mainproject.ezbersuresi\", \"pk\": 6, \"fields\": {\"ad\": \"Rahman Suresi\", \"sira\": 6, \"tahmini_sure\": 7, \"aciklama\": \"\"}}, {\"model\": \"mainproject.ezbersuresi\", \"pk\": 7, \"fields\": {\"ad\": \"Vakia Suresi\", \"sira\": 7, \"tahmini_sure\": 7, \"aciklama\": \"\"}}, {\"model\": \"mainproject.ezbersuresi\", \"pk\": 8, \"fields\": {\"ad\": \"Fetih Suresi\", \"sira\": 8, \"tahmini_sure\": 7, \"aciklama\": \"\"}}, {\"model\": \"mainproject.ezbersuresi\", \"pk\": 9, \"fields\": {\"ad\": \"Hucurat Suresi\", \"sira\": 9, \"tahmini_sure\": 7, \"aciklama\": \"\"}}, {\"model\": \"mainproject.ezbersuresi\", \"pk\": 10, \"fields\": {\"ad\": \"Yasin Suresi\", \"sira\": 10, \"tahmini_sure\": 7, \"aciklama\": \"\"}}, {\"model\": \"mainproject.ezbersuresi\", \"pk\": 11, \"fields\": {\"ad\": \"Enfal Suresi\", \"sira\": 11, \"tahmini_sure\": 7, \"aciklama\": \"\"}}, {\"model\": \"mainproject.ezbersuresi\", \"pk\": 12, \"fields\": {\"ad\": \"İsra Suresi\", \"sira\": 12, \"tahmini_sure\": 7, \"aciklama\": \"\"}}, {\"model\": \"mainproject.ezbersuresi\", \"pk\": 13, \"fields\": {\"ad\": \"30. Cüz Tamamı\", \"sira\": 13, \"tahmini_sure\": 14, \"aciklama\": \"\"}}]",
  "elifba_ezberleri": "[{\"model\": \"mainproject.elifbaezberi\", \"pk\": 1, \"fields\": {\"ad\": \"Fatiha Suresi\", \"sira\": 1, \"tahmini_sure\": 3, \"aciklama\": \"\"}}, {\"model\": \"mainproject.elifbaezberi\", \"pk\": 2, \"fields\": {\"ad\": \"Bakara 1-5\", \"sira\": 2, \"tahmini_sure\": 5, \"aciklama\": \"\"}}, {\"model\": \"mainproject.elifbaezberi\", \"pk\": 3, \"fields\": {\"ad\": \"Rabbena Duaları\", \"sira\": 3, \"tahmini_sure\": 2, \"aciklama\": \"\"}}, {\"model\": \"mainproject.elifbaezberi\", \"pk\": 4, \"fields\": {\"ad\": \"Ezan Duası\", \"sira\": 4, \"tahmini_sure\": 2, \"aciklama\": \"\"}}, {\"model\": \"mainproject.elifbaezberi\", \"pk\": 5, \"fields\": {\"ad\": \"Kamet\", \"sira\": 5, \"tahmini_sure\": 2, \"aciklama\": \"\"}}, {\"model\": \"mainproject.elifbaezberi\", \"pk\": 6, \"fields\": {\"ad\": \"Tesbihat\", \"sira\": 6, \"tahmini_sure\": 3, \"aciklama\": \"\"}}, {\"model\": \"mainproject.elifbaezberi\", \"pk\": 7, \"fields\": {\"ad\": \"Amentü Duası\", \"sira\": 7, \"tahmini_sure\": 2, \"aciklama\": \"\"}}, {\"model\": \"mainproject.elifbaezberi\", \"pk\": 8, \"fields\": {\"ad\": \"İftitah Duası\", \"sira\": 8, \"tahmini_sure\": 2, \"aciklama\": \"\"}}, {\"model\": \"mainproject.elifbaezberi\", \"pk\": 9, \"fields\": {\"ad\": \"Tahiyyat Duası\", \"sira\": 9, \"tahmini_sure\": 2, \"aciklama\": \"\"}}, {\"model\": \"mainproject.elifbaezberi\", \"pk\": 10, \"fields\": {\"ad\": \"Salli-barik Duaları\", \"sira\": 10, \"tahmini_sure\": 3, \"aciklama\": \"\"}}, {\"model\": \"mainproject.elifbaezberi\", \"pk\": 11, \"fields\": {\"ad\": \"Kunut Duası\", \"sira\": 11, \"tahmini_sure\": 3, \"aciklama\": \"\"}}, {\"model\": \"mainproject.elifbaezberi\", \"pk\": 12, \"fields\": {\"ad\": \"Yemek Duası\", \"sira\": 12, \"tahmini_sure\": 1, \"aciklama\": \"\"}}, {\"model\": \"mainproject.elifbaezberi\", \"pk\": 13, \"fields\": {\"ad\": \"Başlangıç Duası\", \"sira\": 13, \"tahmini_sure\": 1, \"aciklama\": \"\"}}, {\"model\": \"mainproject.elifbaezberi\", \"pk\": 14, \"fields\": {\"ad\": \"İstiğfar Duası\", \"sira\": 14, \"tahmini_sure\": 1, \"aciklama\": \"\"}}, {\"model\": \"mainproject.elifbaezberi\", \"pk\": 15, \"fields\": {\"ad\": \"Ayetel Kürsi\", \"sira\": 15, \"tahmini_sure\": 2, \"aciklama\": \"\"}}, {\"model\": \"mainproject.elifbaezberi\", \"pk\": 16, \"fields\": {\"ad\": \"Amenerrasülü\", \"sira\": 16, \"tahmini_sure\": 3, \"aciklama\": \"\"}}, {\"model\": \"mainproject.elifbaezberi\", \"pk\": 17, \"fields\": {\"ad\": \"La yestevi\", \"sira\": 17, \"tahmini_sure\": 2, \"aciklama\": \"\"}}]",
  "elifba_ezber_durumlari": "[]",
  "photo_info": [
    {
      "type": "yazi",
      "id": 3,
      "filename": "1000422167_4Es30sK_SBK7j4w.jpg",
      "field": "imageUrl"
    },
    {
      "type": "yazi",
      "id": 4,
      "filename": "1000408555_96Ir2Ho.jpg",
      "field": "imageUrl"
    }
  ],
  "backup_date": "2025-09-22T20:17:38.514398+00:00",
  "backup_version": "1.4"
}