{
  "ogrenciler": "[{\"model\": \"mainproject.ogrenci\", \"pk\": 1, \"fields\": {\"ad_soyad\": \"Şeyma Ayday\", \"kayit_tarihi\": \"2025-09-07\", \"seviye\": \"HAZ1\", \"profil_foto\": \"ogrenci_profil/1_-_Kopya_eJpUkff.jfif\", \"ozel_notlar\": \"İyi öğrenci\", \"son_guncelleme\": \"2025-09-07T20:33:08.631Z\"}}, {\"model\": \"mainproject.ogrenci\", \"pk\": 20, \"fields\": {\"ad_soyad\": \"Test Öğrenci\", \"kayit_tarihi\": \"2025-09-07\", \"seviye\": \"HAZ1\", \"profil_foto\": \"\", \"ozel_notlar\": \"\", \"son_guncelleme\": \"2025-09-07T20:40:02.424Z\"}}, {\"model\": \"mainproject.ogrenci\", \"pk\": 21, \"fields\": {\"ad_soyad\": \"Şeymam\", \"kayit_tarihi\": \"2025-09-07\", \"seviye\": \"HAZ1\", \"profil_foto\": \"ogrenci_profil/2.jpg\", \"ozel_notlar\": \"\", \"son_guncelleme\": \"2025-09-07T20:42:52.066Z\"}}]",
  "yazilar": "[{\"model\": \"blog.yazi\", \"pk\": 1, \"fields\": {\"title\": \"Şeyma Şeyma Şeyma \", \"description\": \"Şeyma ŞeymaŞeyma ŞeymaŞeyma ŞeymaŞeyma ŞeymaŞeyma ŞeymaŞeyma ŞeymaŞeyma ŞeymaŞeyma ŞeymaŞeyma ŞeymaŞeyma ŞeymaŞeyma ŞeymaŞeyma ŞeymaŞeyma ŞeymaŞeyma Şeyma\", \"imageUrl\": \"uploads/IMG_8879_4PjbSI9_GQG33bl.PNG\", \"date\": \"2025-09-07\", \"isActive\": true, \"slug\": \"seyma-seyma-seyma\", \"tarih\": \"2025-09-07T18:50:33.096Z\", \"category\": 1}}, {\"model\": \"blog.yazi\", \"pk\": 2, \"fields\": {\"title\": \"ŞEYMA'M 1 ŞEYMA'M 1ŞEYMA'M 1ŞEYMA'M 1\", \"description\": \"ŞEYMA'M 1 ŞEYMA'M 1ŞEYMA'M 1ŞEYMA'M 1ŞEYMA'M 1 ŞEYMA'M 1ŞEYMA'M 1ŞEYMA'M 1ŞEYMA'M 1 ŞEYMA'M 1ŞEYMA'M 1ŞEYMA'M 1ŞEYMA'M 1 ŞEYMA'M 1ŞEYMA'M 1ŞEYMA'M 1\", \"imageUrl\": \"uploads/Snake_River_5mb.jpg\", \"date\": \"2025-09-07\", \"isActive\": true, \"slug\": \"seymam-1-seymam-1seymam-1seymam-1\", \"tarih\": \"2025-09-07T20:33:33.442Z\", \"category\": 1}}, {\"model\": \"blog.yazi\", \"pk\": 3, \"fields\": {\"title\": \"ŞEYMA'M 2 ŞEYMA'M 2 ŞEYMA'M 2 ŞEYMA'M 2 ŞEYMA'M 2 ŞEYMA'M 2 ŞEYMA'M 2 \", \"description\": \"ŞEYMA'M 2 ŞEYMA'M 2 ŞEYMA'M 2 ŞEYMA'M 2 ŞEYMA'M 2 ŞEYMA'M 2 ŞEYMA'M 2 ŞEYMA'M 2 ŞEYMA'M 2 ŞEYMA'M 2 ŞEYMA'M 2 ŞEYMA'M 2 ŞEYMA'M 2 ŞEYMA'M 2 ŞEYMA'M 2 ŞEYMA'M 2 ŞEYMA'M 2 ŞEYMA'M 2 ŞEYMA'M 2 ŞEYMA'M 2 ŞEYMA'M 2 ŞEYMA'M 2 ŞEYMA'M 2 ŞEYMA'M 2 ŞEYMA'M 2 ŞEYMA'M 2 ŞEYMA'M 2 ŞEYMA'M 2 ŞEYMA'M 2 ŞEYMA'M 2 ŞEYMA'M 2 ŞEYMA'M 2 ŞEYMA'M 2 ŞEYMA'M 2 ŞEYMA'M 2 ŞEYMA'M 2 ŞEYMA'M 2 ŞEYMA'M 2 ŞEYMA'M 2 ŞEYMA'M 2 ŞEYMA'M 2 ŞEYMA'M 2 \", \"imageUrl\": \"uploads/4.jpg\", \"date\": \"2025-09-07\", \"isActive\": true, \"slug\": \"seymam-2-seymam-2-seymam-2-seymam-2-seymam-2-seymam-2-seymam-2\", \"tarih\": \"2025-09-07T20:33:57.948Z\", \"category\": 1}}, {\"model\": \"blog.yazi\", \"pk\": 4, \"fields\": {\"title\": \"ŞEYMA'M 3 ŞEYMA'M 3 ŞEYMA'M 3 ŞEYMA'M 3 \", \"description\": \"ŞEYMA'M 3 ŞEYMA'M 3 ŞEYMA'M 3 ŞEYMA'M 3 ŞEYMA'M 3 ŞEYMA'M 3 ŞEYMA'M 3 ŞEYMA'M 3 ŞEYMA'M 3 ŞEYMA'M 3 ŞEYMA'M 3 ŞEYMA'M 3 ŞEYMA'M 3 ŞEYMA'M 3 ŞEYMA'M 3 ŞEYMA'M 3 \", \"imageUrl\": \"uploads/2.jpg\", \"date\": \"2025-09-07\", \"isActive\": true, \"slug\": \"seymam-3-seymam-3-seymam-3-seymam-3\", \"tarih\": \"2025-09-07T20:34:29.999Z\", \"category\": 1}}, {\"model\": \"blog.yazi\", \"pk\": 5, \"fields\": {\"title\": \"ŞEYMA'M 4 ŞEYMA'M 4 ŞEYMA'M 4 ŞEYMA'M 4 \", \"description\": \"ŞEYMA'M 4 ŞEYMA'M 4 ŞEYMA'M 4 ŞEYMA'M 4 ŞEYMA'M 4 ŞEYMA'M 4 ŞEYMA'M 4 ŞEYMA'M 4 ŞEYMA'M 4 ŞEYMA'M 4 ŞEYMA'M 4 ŞEYMA'M 4 \", \"imageUrl\": \"uploads/6.jfif\", \"date\": \"2025-09-07\", \"isActive\": true, \"slug\": \"seymam-4-seymam-4-seymam-4-seymam-4\", \"tarih\": \"2025-09-07T20:36:20.098Z\", \"category\": 1}}]",
  "ezber_kayitlari": "[{\"model\": \"mainproject.ezberkaydi\", \"pk\": 1, \"fields\": {\"ogrenci\": 1, \"sure\": 1, \"durum\": \"DEVAM\", \"baslama_tarihi\": \"2025-09-07\", \"bitis_tarihi\": null, \"tahmini_bitis\": null, \"gunluk_calisma\": 1, \"zorluk\": 2, \"yorum\": \"\", \"ilerleme\": 0}}, {\"model\": \"mainproject.ezberkaydi\", \"pk\": 3, \"fields\": {\"ogrenci\": 21, \"sure\": 1, \"durum\": \"DEVAM\", \"baslama_tarihi\": \"2025-09-07\", \"bitis_tarihi\": null, \"tahmini_bitis\": null, \"gunluk_calisma\": 1, \"zorluk\": 2, \"yorum\": \"\", \"ilerleme\": 38}}]",
  "sinav_sonuclari": "[{\"model\": \"mainproject.sinavsonucu\", \"pk\": 1, \"fields\": {\"ogrenci\": 1, \"ders\": 1, \"sinav_tipi\": \"GENEL\", \"puan\": 100, \"tarih\": \"2025-09-07\", \"aciklama\": \"Ana sınav\"}}, {\"model\": \"mainproject.sinavsonucu\", \"pk\": 2, \"fields\": {\"ogrenci\": 1, \"ders\": 2, \"sinav_tipi\": \"GENEL\", \"puan\": 0, \"tarih\": \"2025-09-07\", \"aciklama\": \"Ana sınav\"}}, {\"model\": \"mainproject.sinavsonucu\", \"pk\": 3, \"fields\": {\"ogrenci\": 1, \"ders\": 3, \"sinav_tipi\": \"GENEL\", \"puan\": 0, \"tarih\": \"2025-09-07\", \"aciklama\": \"Ana sınav\"}}, {\"model\": \"mainproject.sinavsonucu\", \"pk\": 4, \"fields\": {\"ogrenci\": 1, \"ders\": 4, \"sinav_tipi\": \"GENEL\", \"puan\": 0, \"tarih\": \"2025-09-07\", \"aciklama\": \"Ana sınav\"}}, {\"model\": \"mainproject.sinavsonucu\", \"pk\": 6, \"fields\": {\"ogrenci\": 20, \"ders\": 1, \"sinav_tipi\": \"GENEL\", \"puan\": 0, \"tarih\": \"2025-09-07\", \"aciklama\": \"Ana sınav\"}}, {\"model\": \"mainproject.sinavsonucu\", \"pk\": 7, \"fields\": {\"ogrenci\": 20, \"ders\": 2, \"sinav_tipi\": \"GENEL\", \"puan\": 0, \"tarih\": \"2025-09-07\", \"aciklama\": \"Ana sınav\"}}, {\"model\": \"mainproject.sinavsonucu\", \"pk\": 8, \"fields\": {\"ogrenci\": 20, \"ders\": 3, \"sinav_tipi\": \"GENEL\", \"puan\": 0, \"tarih\": \"2025-09-07\", \"aciklama\": \"Ana sınav\"}}, {\"model\": \"mainproject.sinavsonucu\", \"pk\": 9, \"fields\": {\"ogrenci\": 20, \"ders\": 4, \"sinav_tipi\": \"GENEL\", \"puan\": 0, \"tarih\": \"2025-09-07\", \"aciklama\": \"Ana sınav\"}}, {\"model\": \"mainproject.sinavsonucu\", \"pk\": 18, \"fields\": {\"ogrenci\": 21, \"ders\": 1, \"sinav_tipi\": \"GENEL\", \"puan\": 100, \"tarih\": \"2025-09-07\", \"aciklama\": \"1. sınav\"}}, {\"model\": \"mainproject.sinavsonucu\", \"pk\": 19, \"fields\": {\"ogrenci\": 21, \"ders\": 2, \"sinav_tipi\": \"GENEL\", \"puan\": 0, \"tarih\": \"2025-09-07\", \"aciklama\": \"1. sınav\"}}, {\"model\": \"mainproject.sinavsonucu\", \"pk\": 20, \"fields\": {\"ogrenci\": 21, \"ders\": 3, \"sinav_tipi\": \"GENEL\", \"puan\": 0, \"tarih\": \"2025-09-07\", \"aciklama\": \"1. sınav\"}}, {\"model\": \"mainproject.sinavsonucu\", \"pk\": 21, \"fields\": {\"ogrenci\": 21, \"ders\": 4, \"sinav_tipi\": \"GENEL\", \"puan\": 80, \"tarih\": \"2025-09-07\", \"aciklama\": \"1. sınav\"}}]",
  "ders_notlari": "[]",
  "photo_info": [
    {
      "type": "yazi",
      "id": 1,
      "filename": "IMG_8879_4PjbSI9_GQG33bl.PNG",
      "field": "imageUrl"
    },
    {
      "type": "yazi",
      "id": 2,
      "filename": "Snake_River_5mb.jpg",
      "field": "imageUrl"
    },
    {
      "type": "yazi",
      "id": 3,
      "filename": "4.jpg",
      "field": "imageUrl"
    },
    {
      "type": "yazi",
      "id": 4,
      "filename": "2.jpg",
      "field": "imageUrl"
    },
    {
      "type": "yazi",
      "id": 5,
      "filename": "6.jfif",
      "field": "imageUrl"
    },
    {
      "type": "ogrenci",
      "id": 1,
      "filename": "1_-_Kopya_eJpUkff.jfif",
      "field": "profil_foto"
    },
    {
      "type": "ogrenci",
      "id": 21,
      "filename": "2.jpg",
      "field": "profil_foto"
    }
  ],
  "backup_date": "2025-09-07T20:43:17.059173+00:00",
  "backup_version": "1.2"
}